{
    "accuracy": 0.9816666841506958,
    "loss": 0.08122052252292633,
    "classification_report": {
        "0": {
            "precision": 0.9867149758454107,
            "recall": 0.9879081015719468,
            "f1-score": 0.9873111782477342,
            "support": 827.0
        },
        "1": {
            "precision": 0.9883474576271186,
            "recall": 0.9957310565635006,
            "f1-score": 0.9920255183413078,
            "support": 937.0
        },
        "2": {
            "precision": 0.9856115107913669,
            "recall": 0.9844311377245509,
            "f1-score": 0.9850209706411025,
            "support": 835.0
        },
        "3": {
            "precision": 0.9837209302325581,
            "recall": 0.9724137931034482,
            "f1-score": 0.9780346820809248,
            "support": 870.0
        },
        "4": {
            "precision": 0.984009840098401,
            "recall": 0.9828009828009828,
            "f1-score": 0.9834050399508296,
            "support": 814.0
        },
        "5": {
            "precision": 0.9734748010610079,
            "recall": 0.9670619235836627,
            "f1-score": 0.9702577660277594,
            "support": 759.0
        },
        "6": {
            "precision": 0.986810551558753,
            "recall": 0.9951632406287787,
            "f1-score": 0.9909692956050572,
            "support": 827.0
        },
        "7": {
            "precision": 0.9829931972789115,
            "recall": 0.9852272727272727,
            "f1-score": 0.9841089670828603,
            "support": 880.0
        },
        "8": {
            "precision": 0.9825870646766169,
            "recall": 0.971709717097171,
            "f1-score": 0.9771181199752629,
            "support": 813.0
        },
        "9": {
            "precision": 0.961038961038961,
            "recall": 0.9713603818615751,
            "f1-score": 0.9661721068249258,
            "support": 838.0
        },
        "accuracy": 0.9816666666666667,
        "macro avg": {
            "precision": 0.9815309290209105,
            "recall": 0.9813807607662891,
            "f1-score": 0.9814423644777766,
            "support": 8400.0
        },
        "weighted avg": {
            "precision": 0.9816773012091138,
            "recall": 0.9816666666666667,
            "f1-score": 0.9816584573196343,
            "support": 8400.0
        }
    },
    "confusion_matrix": [
        [
            817,
            0,
            1,
            2,
            0,
            0,
            5,
            0,
            0,
            2
        ],
        [
            0,
            933,
            2,
            1,
            0,
            0,
            0,
            0,
            1,
            0
        ],
        [
            1,
            1,
            822,
            2,
            2,
            0,
            0,
            5,
            2,
            0
        ],
        [
            1,
            0,
            2,
            846,
            0,
            10,
            0,
            3,
            4,
            4
        ],
        [
            1,
            2,
            0,
            0,
            800,
            0,
            1,
            0,
            0,
            10
        ],
        [
            2,
            1,
            0,
            5,
            1,
            734,
            5,
            0,
            4,
            7
        ],
        [
            1,
            0,
            0,
            0,
            0,
            2,
            823,
            0,
            1,
            0
        ],
        [
            0,
            2,
            4,
            0,
            2,
            1,
            0,
            867,
            0,
            4
        ],
        [
            1,
            5,
            2,
            3,
            1,
            5,
            0,
            0,
            790,
            6
        ],
        [
            4,
            0,
            1,
            1,
            7,
            2,
            0,
            7,
            2,
            814
        ]
    ],
    "training_samples": 33600,
    "validation_samples": 8400,
    "epochs_trained": 25
}